1,9094646778,莨願陸螟ｪ驛,U1q7bQlv
2,9034699205,驤ｴ譛ｨ荳驛,lISFZKOI
3,9063402976,菴占陸螟ｪ驛,OpwyfHfm
4,9095281359,驤ｴ譛ｨ荳驛,M6isCJqL
5,9029003577,逕ｰ荳ｭ荳驛,siX5tWo7
6,9046601975,菴占陸荳驛,f3dYtr0a
7,9096400501,菴占陸莠碁ヮ,oppF3bND
8,9000617473,莨願陸闃ｱ蟄,KMuzPcsD
9,9054482030,逕ｰ荳ｭ螟ｪ驛,i1Sc6ArR
10,9089331026,驤ｴ譛ｨ螟ｪ驛,eG4PvD1e
11,9058861969,菴占陸闃ｱ蟄,quVah04W
12,9061953238,逕ｰ荳ｭ螟ｪ驛,uQcwqsKW
13,9055154382,驤ｴ譛ｨ荳驛,B4h8JJHp
14,9025313467,螻ｱ逕ｰ莠碁ヮ,sbuli51Y
15,9075544456,莨願陸荳驛,VojaToDv
16,9017245330,螻ｱ逕ｰ莠碁ヮ,copgfj8A
17,9013716606,螻ｱ逕ｰ螟ｪ驛,0f2rCPfm
18,9030662952,逕ｰ荳ｭ邏比ｸ,7MT2OMrh
19,9056449356,驤ｴ譛ｨ螟ｪ驛,zl2CWXax
20,9019756696,驤ｴ譛ｨ螟ｪ驛,QFV6Bi0k